,entities.hashtags.0.text,entities.hashtags.1.text,entities.hashtags.2.text,favorite_count,reply_count,retweet_count,text,timestamp_ms
0,,,,0,0,0,The validity time warnings updated Please see date information,1539202260662
2,,,,0,0,0,u know addy Pull anytime Say face But I you I,1539202260666
3,,,,0,0,0,Jw sugar daddy,1539202260657
4,,,,0,0,0,I inadvertently met one Madaya He forced join terrorists among first take reconciliation r,1539202260658
6,AMAs,NCT127,NCT,0,0,0,LOOK WHO WE FOUND AMAs Red Carpet tonight us NCT NCT,1539202260658
7,,,,0,0,0,Reminder brownshirt flash mobs surround seconds Stay prepared Vote Republican AntifaNaz,1539202260665
8,,,,0,0,0,This column may break record number falsehoods President ever published newspaper opEd Just t,1539202260662
9,,,,0,0,0,Who fast ass daughter FaceTiming son,1539202260664
10,,,,0,0,0,I knew car I drew kindergarten real,1539202260658
12,,,,0,0,0,We nt stop playing get old get old stop playing No one would ever guess re Mi,1539202260658
13,,,,0,0,0,Lt Reginald Campkin Canadian Infantry Central Ontario Regiment Aug,1539202261658
14,,,,0,0,0,Hillary Clinton We ca nt civil Repubs Eric Holder When Repubs go low kick Antifa Do say we,1539202261658
15,,,,0,0,0,society respect elders millennials even burnt hole ozone s going erase human,1539202261665
16,,,,0,0,0,dont give fo,1539202261659
17,,,,0,0,0,Yay ur cute would choke I pass,1539202261663
19,,,,0,0,0,offset wanting smoke barnes amp noble wit joe budden fucking hilarious lmfaoooo,1539202261666
20,,,,0,0,0,Who Is Tucker Carlson Narrated Samm Levine NowThis via,1539202261666
21,,,,0,0,0,Wouldn advise anyone get bc shot literally destroyed health If men worry thi,1539202261658
23,,,,0,0,0,Kemp office cancelled m voter registrations since Nearly k registrations cancelled alone,1539202261657
25,,,,0,0,0,In rare move published oped My jaw floor reading shocked USA,1539202261659
27,,,,0,0,0,Talking Atiku wrote Nobody speak Hausa language explain meaning simple,1539202270662
28,,,,0,0,0,Just really understanding MOTHERS see kids best things ever happen in,1539202270657
29,,,,0,0,0,CelticsBulls NBA Playoffs Series one greatest,1539202270660
30,,,,0,0,0,Okay I m alittle excited,1539202270659
31,2ALuvin,,,0,0,0,Well Golly Gee Just READ THIS ALuvin BEAUTY WRITTEN TOP And YOU LL know AllYouNeedTo,1539202270664
32,,,,0,0,0,feeling like green skeleton October long,1539202270666
33,,,,0,0,0,Terror Vault haunted experience opens SF Old Mint,1539202270665
34,1s,,,0,0,0,Girl trust I stan artist multiple s This smell sucess s,1539202270657
35,VoteYes,Shake,,0,0,0,Give us seen Rachelle today HUGE VoteYes graphic Here Shane Shake,1539202270664
37,,,,0,0,0,Love consequences But mean ever stop loving Love th,1539202270660
39,,,,0,0,0,I never thought I d see marriage cultural Marxist critique bastardisation entire scientific field,1539202270657
40,brokenmedia,backto60,ToryPoison,0,0,0,And Complaining stuck traffic Sickening brokenmedia backto ToryPoison,1539202261665
41,,,,0,0,0,know I feel acct deadass boyfriend I first started dating Yes I,1539202261660
42,,,,0,0,0,Tomorrow National sex day thing fucking life,1539202261661
43,,,,0,0,0,For God sake I sick tired pictures Macedonian muslims Some morons whole,1539202262663
44,,,,0,0,0,That s funny I ask pizza bbq everyone else asking dicks,1539202279662
45,,,,0,0,0,years later lmaoo xbox one,1539202279665
46,,,,0,0,0,RIPNDIP ICE CREAM Feat,1539202280659
47,,,,0,0,0,He s rough week let s say nice thing Rafael Ted Cruz help cheer I d like com,1539202280662
48,,,,0,0,0,Republicans cheating changing rules fit agenda throwing process proc,1539202280662
49,,,,0,0,0,Bow degree majesty,1539202262658
51,,,,0,0,0,Willy going find jesus nt mind Hes sure comprehend still,1539202262665
52,,,,0,0,0,Climate Change Do You Believe In Manmade Global Climate Change,1539202262661
53,,,,0,0,0,Bee GeesStayin Alive,1539202262659
54,,,,0,0,0,I donated If progun control,1539202262660
55,,,,0,0,0,Hold moments bring joy They fleeting life full pits want swallow you,1539202262660
56,,,,0,0,0,I called last week,1539202262660
57,,,,0,0,0,win games without Lmfaooooo,1539202262663
58,,,,0,0,0,We condemn death Venezuelan opposition member Fernando Alban hands Maduro regime strongest terms The r,1539202262663
59,,,,0,0,0,Pennsylvania mind Sign statewide newsletter make sure never miss update,1539202262661
60,1DDrive,1DDrive,,0,0,0,Follow everyone LIKES this Join The Best DDrive Add DDrive To Your Tweets,1539202262665
61,,,,0,0,0,After difficult weekend damage control members antiimmigration group white supremacis,1539202262659
62,,,,0,0,0,My first public postnomination event meeting youth leaders party As I promised o,1539202261658
64,,,,0,0,0,Welcome Downtown Gallipolis Poppy s,1539202263660
65,,,,0,0,0,OH MY GOD,1539202263657
66,,,,0,0,0,Hillary Clinton We ca nt civil Repubs Eric Holder When Repubs go low kick Antifa Do say we,1539202263666
67,,,,0,0,0,call selling meat back wagon life,1539202263665
68,,,,0,0,0,We condemn death Venezuelan opposition member Fernando Alban hands Maduro regime strongest terms The r,1539202262663
69,,,,0,0,0,I learned stop doubting amp start claiming belongs,1539202263663
70,,,,0,0,0,THIS Kanye West happens negroes nt read Laughter around Listen black folks TRADE Ka,1539202263662
71,,,,0,0,0,I vote lobster named George voting Susan collins SUSAN COLLINS I,1539202263661
72,,,,0,0,0,hannah baker mom found tub,1539202263661
73,,,,0,0,0,Brian Kemp running GA gov Stacey Abrams black woman Kemp charge elections amp voter registr,1539202263665
74,WMHD2018,,,0,0,0,On WMHD welcome govt focusing mental health services years Tory cuts understaffing neglect auste,1539202263662
75,,,,0,0,0,Ummm world anyone allow,1539202263661
76,,,,0,0,0,Wendy employee Would like try new Me,1539202263665
77,,,,0,0,0,Leader McConnell Dems calling absurd changes Constution get power Stacking SCOTUS s,1539202263659
78,romancepremade,sexycovers,,0,0,0,Back To Front NEW romancepremade lets picture talking P sexycovers,1539202263664
79,,,,0,0,0,I ve seen baller moves day man DC grabbing James Gunn writemaybe direct Suicide Squad Disne,1539202262661
80,,,,0,0,0,Know prospective student s interested CU Denver Preview Day coming,1539202262657
82,bbcqt,,,0,0,0,I urge boycott news programmes bbcqt stop equating balance putting liars balanac,1539202264664
83,,,,0,0,0,PlayStation name changes FINALLY way,1539202264663
84,,,,0,0,0,My lil bro,1539202263662
85,,,,0,0,0,child mental health important grades,1539202264664
86,,,,0,0,0,wow gon na get bottom one,1539202264661
87,NBATwitter,TheJump,,0,0,0,I heard took third stringers beat starters NBATwitter TheJump,1539202264660
88,,,,0,0,0,Is glitch new pickaxe backpack There glow coming shown,1539202264659
89,,,,0,0,0,This week start best podcast,1539202264666
90,psat,psatmemes,,0,0,0,psat psatmemes Zia Thank Sylheti people,1539202264665
91,,,,0,0,0,I like picture really shows really nice tattoo I wait see on,1539202264664
92,,,,0,0,0,girls natural mean face amp cool shit amp goofy,1539202264663
93,,,,0,0,0,None choices listed,1539202264659
94,,,,0,0,0,Where I say I Socialist I admire Socialism ideology It wan,1539202264657
95,np,SoundCloud,,0,0,0,Listen PSYCHO SHIT FTJUICEDADLARRY Lil Harry np SoundCloud GO SUPPO MY BRO,1539202264662
96,,,,0,0,0,Might fuck around disappear old forest amp never seen,1539202264657
97,,,,0,0,0,Tune today pm Max Murphy Special interviews Keith Wofford Republican candidate attorney general and,1539202264659
98,WorldMentalHealthDay,WMHD2018,,0,0,0,WorldMentalHealthDay WMHD Why discuss dinner table Especially kids m,1539202264658
99,,,,0,0,0,The latest The sminus Daily Thanks,1539202264665
100,,,,0,0,0,When drowning homework decide go w friends instead,1539202261662
101,,,,0,0,0,Journey Into Mystery CGC st Hulk Prototype New case,1539202264657
102,,,,0,0,0,What REALLY said Layden Y MF need Yall winning without All MF soft AND WONT WIN They AL,1539202265662
103,,,,0,0,0,A lot things,1539202265657
104,,,,0,0,0,I need real friend,1539202265658
105,,,,0,0,0,He said You go dealership get car auntie like WHAT Uhhhh sir,1539202265665
107,,,,0,0,0,Roses red My penis blue They wo nt let cum What,1539202265658
108,,,,0,0,0,Procrastination whooping ass,1539202265660
109,,,,0,0,0,Lmao This guy pretending current president,1539202265666
110,,,,0,0,0,people followed today tracked,1539202265659
111,,,,0,0,0,So Wednesday paperwork admin day I love Wednesdays I get catch everything It also,1539202265663
112,,,,0,0,0,need mutuals rt stan wdw irl nhc nct bts sos emma james ethan amp grayson jack amp,1539202265657
113,,,,0,0,0,Bizarre Things That Must Be House Disclosure Those That Don,1539202265665
114,,,,0,0,0,Claim US dollars everyday joining daily free raffle Cube TV,1539202265658
116,,,,0,0,0,Trump signs bills help patients stop overpaying drugs via,1539202265662
117,,,,0,0,0,Whoever turns Allah completely Allah turn completely Whoever turns away Allah completely Alla,1539202266664
118,,,,0,0,0,mood Consequences era begun think music video,1539202266657
119,,,,0,0,0,I lovee hearing anything s whatever want,1539202266658
120,psatmemes,PSAT,,0,0,0,Oh boy gon na begin psatmemes PSAT,1539202266658
121,TheSong,TheMusicVideo,BackToYou,0,0,0,AnotherFashionW TheSong TheMusicVideo BackToYou PCAS TheMaleArtist BrunoMars,1539202266665
123,,,,0,0,0,Los Angeles Times Wall Street takes severe blow Dow drops points Stocks Wall Street plunged,1539202266665
124,BTSinLondon,,,0,0,0,I LOVE U BABIES BTSinLondon,1539202266666
125,,,,0,0,0,I hate delete someone number ur iPhone comes back Maybe maybe nothing bitch,1539202266666
126,,,,0,0,0,The TAKS test really used questions hours,1539202266661
127,,,,0,0,0,BREAKING DOW PLUNGES POINTS IN WORST DAY SINCE FEB AMID TECH STOCK SELLOFF RATE FEARS,1539202266665
128,BREAKING,,,0,0,0,BREAKING Stocks suffer worst loss months rising interest rates pull investors market tech stoc,1539202266663
129,,,,0,0,0,God placed many good people life recently continues remove toxic ones I grateful,1539202266661
130,,,,0,0,0,Thanks podcast I know genesis word grok Been using word years know origin,1539202267657
131,,,,0,0,0,Wait mean Americans kinder buenos How live without best chocolate frea,1539202270657
133,,,,0,0,0,I think really astounding storms I ve ever covered one wind strongest At least l,1539202280658
134,psatmemes,PSAT,,0,0,0,u hand bill hammer instead f mega sledge psatmemes PSAT,1539202280659
135,,,,0,0,0,I wan na go,1539202280659
136,,,,0,0,0,Received via WhatsApp Sitting window seat flight Israel Roland Who Roland Roland year,1539202280666
137,,,,0,0,0,So lovely catch afternoon Sounds like wonderful,1539202280663
138,,,,0,0,0,taeyongs reaction members said best dancer HES SO SHY AND CUTE,1539202280664
140,,,,0,0,0,screams sound like horror movie omg I m wheezing,1539202271658
141,,,,0,0,0,Paw Paw legend respected one,1539202271663
142,,,,0,0,0,BTS awarded music artist night P C A S wins Do nt love see type hea,1539202271659
143,,,,0,0,0,ExxonMobil CEO Depressed After Realizing Earth Could End Before They Finish Extracting All The Oil ht,1539202271662
144,,,,0,0,0,Our deepest sympathy friends family Peggy McCay dear Caroline Brady three decades,1539202271663
145,,,,0,0,0,AllStar Jimmy Butler participated Minnesota s practice session included verbally challenging teammates coache,1539202271666
146,,,,0,0,0,New card alert You guys requested flipping To released end month bring you,1539202271659
148,,,,0,0,0,A league actually supporting financially Meanwhile Scotland Phoned ruling body insist got NO,1539202271657
149,,,,0,0,0,What You listen tf,1539202271665
150,Atlantis,paradiseisland,Bahamas,0,0,0,See latest review Atlantis paradiseisland Bahamas travel retiredlife,1539202271660
152,,,,0,0,0,Very nice form,1539202271657
153,,,,0,0,0,NBA stars divas but I would nt way lol,1539202271666
154,,,,0,0,0,Thanks We lucky We wealth different things around us city countryside,1539202271664
155,,,,0,0,0,The International Space Station captured footage Hurricane Michael altitude miles storm approached t,1539202271660
156,,,,0,0,0,MY SUMMER CAR AMIS TOWED ME AND CAR IS ON FIRE via,1539202271660
157,,,,0,0,0,Heeeeeeeeeeere s Donny,1539202271659
158,,,,0,0,0,The best way get someone someone else,1539202281666
159,,,,0,0,0,Democrat Eric Holder When Republicans Go Low We Kick Them,1539202281663
160,,,,0,0,0,stated oath detain children That completely inaccurate Children famil,1539202281659
162,AMAs,,,0,0,0,Congratulations They Favorite Social Artist presented AMAs red carpet,1539202281658
163,,,,0,0,0,got damn ocean crashed,1539202281663
164,,,,0,0,0,Horse Cock Training ManyVids,1539202281658
165,,,,0,0,0,somebody tell ex unblock ready come home,1539202281660
166,,,,0,0,0,New post Fingerprints published Open Mic Artists We hip hop duo Midwest We currently re,1539202281657
167,,,,0,0,0,The Selfie Soldiers Tommy Robinson Katie Hopkins amp Fight Freedom My article THAT selfie via,1539202281663
168,,,,0,0,0,Gon na need haircut two weeks Gon na Gerald Halloween,1539202281666
169,WorldMentaHealthDay2018,,,0,0,0,Eeyore always favourite WorldMentaHealthDay,1539202281666
170,meded,MeToo,,0,0,0,Many meded likely seen piece Men Fear Mentoring MeToo Era What Stake for,1539202281657
171,,,,0,0,0,I wonder tho Keep wondering,1539202281666
172,,,,0,0,0,This pig know meaning consent I feel sorry women family Men like give birth rap,1539202281657
173,TheFlash,,,0,0,0,This SO COOL TheFlash,1539202281660
174,,,,0,0,0,Hope vanish face earth way You destroying country fool,1539202272657
175,,,,0,0,0,actually one favorite pictures rn,1539202272657
177,,,,0,0,0,goodnight stream regular,1539202272666
178,,,,0,0,0,Kemp office cancelled m voter registrations since Nearly k registrations cancelled alone,1539202272662
179,,,,0,0,0,Tbf cat bring toy mouse morning,1539202272657
180,,,,0,0,0,Omg way aunt saw cute dude gone tap talking would pretty kids wi,1539202272664
181,,,,0,0,0,A successful one day National Under s camp ahead fixtures versus Scotland month Players showing improvement,1539202281666
182,,,,0,0,0,I A LOT money bank pay first place idea gets declined Like really,1539202281659
183,,,,0,0,0,A yearold man presented fatigue sensitivity cold A physical examination showed delayed relaxation ankle j,1539202282662
185,,,,0,0,0,Could Riot take Spidey,1539202272658
186,,,,0,0,0,Seals dogs sea,1539202272659
187,,,,0,0,0,Here s excellent thread says lot whole lot better,1539202272660
188,,,,0,0,0,We learning benefits AND things look meat dairy eggs SEVEN WEEKS same,1539202272665
189,,,,0,0,0,guess s early,1539202282659
190,,,,0,0,0,Auntie Do lil dance Momma talkin Childhood Nah tonight Auntie I ll give,1539202282663
192,JacksonWang,王嘉尔,잭슨,0,0,0,CF Jackson modeling adidasOriginals Prophere JacksonWang GOT,1539202282665
193,,,,0,0,0,Has President M overstayed welcome Is question answer He overstay,1539202282662
194,,,,0,0,0,tonight s tea Hoseok NEVER bad era Yall blind thank,1539202282658
195,,,,0,0,0,ERIC HOLDER When Republicans Go Low We Kick Them Crowd Chants Fight Fight Fight VIDEO,1539202282663
196,,,,0,0,0,This putting pride aside thing hard But say I try,1539202282657
197,,,,0,0,0,Thanks dost I ve got lot people around,1539202282665
198,,,,0,0,0,meet rn I ordering BK first lol,1539202282657
199,,,,0,0,0,The Left dangerous violent,1539202282659
200,MHCrisisAngels,,,0,0,0,Are u alone feeling unhappy struggling feel like no s understands MHCrisisAngels set hel,1539202282666
201,HurricaneMichael,,,0,0,0,There lot damage Panama City FL HurricaneMichael,1539202282663
202,ittakestwo,London,,0,0,0,ittakestwo trending London,1539202282660
203,,,,0,0,0,love watching bisexuals bond bisexual bc one else likes us,1539202273665
204,,,,0,0,0,One thing I love XsMax charge lasts literally day,1539202273662
205,,,,0,0,0,Do nt freak stock market loss today Stock overbought Feds looking raise rates due,1539202273664
206,,,,0,0,0,Glad announce I part Fam,1539202273665
207,,,,0,0,0,Do nt freak stock market loss today Stock overbought Feds looking raise rates due,1539202273659
208,,,,0,0,0,ask wrong nigga idk,1539202273666
209,,,,0,0,0,choose u want retweet,1539202273663
210,,,,0,0,0,It easy destroy reputation people always prefer believe bad things comes to,1539202273661
211,,,,0,0,0,fasting restricting knowing ultimately going lead bingeing,1539202273664
212,FakeRiverRestoration,Catford,,0,0,0,Latest FakeRiverRestoration Catford Bridge aka Barratt Catford Green gravel still dumped ri,1539202273659
213,,,,0,0,0,My dad I went grocery shopping,1539202273658
214,,,,0,0,0,So maybe I actually ugly I got lighting wrong angle,1539202273666
215,,,,0,0,0,Am I one went How many cat dogs jokes guy got like minutes skit,1539202273657
216,,,,0,0,0,wish acne nt thing,1539202283661
217,,,,0,0,0,Versatile leads effortexample resilient hardest worker team dedicated disciplined leader gym lead,1539202283660
218,,,,0,0,0,He would wipe table,1539202283658
219,,,,0,0,0,Can Stop Watching,1539202283660
220,,,,0,0,0,It s usually cock fest,1539202283659
222,,,,0,0,0,She wifey treated like ordinary bitch,1539202283666
223,,,,0,0,0,loop hoseok s instinctual smooch squeeze minute tae arrived scene,1539202283662
224,,,,0,0,0,Exactly cause nt invincible little platform get dragged feet at,1539202283662
225,,,,0,0,0,In Portland merely show armed arrested charged felony banned public events f,1539202283657
226,,,,0,0,0,If want followers Retweet amp like this Follow amp like Followback everyone Turn notificat,1539202283657
227,,,,0,0,0,Fat Like Me Sensual ForceFeeding Fatter Body,1539202283659
228,,,,0,0,0,You re welcome Dean,1539202283658
229,,,,0,0,0,They find Patience sis,1539202283662
230,,,,0,0,0,You mean like apology mistake Labour proposed tax figu,1539202283659
231,,,,0,0,0,grey s anatomy claro,1539202283663
233,,,,0,0,0,Revisiting Seahawks decision draft Rashaad Penny th overall running game roll hes,1539202284663
234,,,,0,0,0,Nikki Haley managed engage ethically questionable behavior left reprimanded violating t,1539202284661
236,,,,0,0,0,I wrote feeling Kavanaugh confirmed spite Me Too movement confirmed large,1539202284663
238,,,,0,0,0,jungkook im okay armyyyy cutest thing ever im happy hes well,1539202284660
240,,,,0,0,0,remember said bnha fights minecraft sound effects yeah,1539202284658
241,,,,0,0,0,porn Gold sex Plumperd xxx troop Portal nsfw Glamour video torrents,1539202284659
242,,,,0,0,0,makes note shove faces people blame Bernie Bros HRC losing,1539202284666
243,,,,0,0,0,He growled deeply kissed back aggressively slamming hips,1539202284658
244,KanyeWest,DemocratsAreEvil,,0,0,0,KanyeWest join fight wake black people DemocratsAreEvil,1539202284663
245,,,,0,0,0,someone sitting MY chair someone sleeping MY bed someone done shit sink,1539202285661
246,,,,0,0,0,question fine sir If Lewis starches DC Rt hand wins heavyweight title Does DC vs Lesnar even happen,1539202285657
247,,,,0,0,0,Namjoon went jungkook rapped verse bc sitting I NOT crying,1539202285664
249,,,,0,0,0,MODEL CASTING CALL includes free gift,1539202285659
250,,,,0,0,0,Thank watch us support I hope enjoy new side venture s going fun,1539202285663
251,,,,0,0,0,Omar fam ok Safe hurricane,1539202285658
252,,,,0,0,0,Yeah I cant wait buy figures Im still wating rest series RWBY fi,1539202285665
253,,,,0,0,0,Hungary hits back Hillary Clinton failed politician whose losing campaign also financed George Soros,1539202285666
254,,,,0,0,0,That hoe big ass man fingers,1539202285658
255,generative,art,procedural,0,0,0,edfbbfbcabff generative art procedural creativecoding,1539202273666
256,NedNesday,,,0,0,0,NedNesday Lee Pace event family appeal Pushing Daisies Ninth Annual Family Television Award,1539202286664
257,,,,0,0,0,Smores Custard Cake,1539202286665
258,,,,0,0,0,One hundred percent sure,1539202286661
259,,,,0,0,0,I liked video Chocolate Dipping Spoons pair Starbucks Coffee Elise Strachan My Cupcake,1539202286662
260,,,,0,0,0,Whenever says Its,1539202286663
261,,,,0,0,0,Topical glyceryl trinitrate superior placebo tendinopathies Nice work,1539202286657
262,,,,0,0,0,parents please dismissive children feelings struggles mental health issues,1539202286662
263,,,,0,0,0,No Aaliyah gone forever face R amp B period,1539202286664
264,,,,0,0,0,oh lawd comin,1539202286663
265,,,,0,0,0,I miss cheering,1539202274662
266,sugarbabe,Sugarmommy,,0,0,0,Am giving first sugar girls would like follow tweets sugarbabe Sugarmommy sugarbabywant,1539202274662
267,Aladdin,,,0,0,0,Check new teaser poster Disney Aladdin debuted Will Smith See first look tomorrow In theaters,1539202274663
268,,,,0,0,0,Nothing one ruin day s going Indigo s stepdad first wants make sure matur,1539202274661
269,,,,0,0,0,Registration events open major events coming season including th Annual Art Wright co,1539202274664
270,,,,0,0,0,Junae Brown entrepreneur music scene started boutique marketing agency artists called,1539202274665
271,BabyLossAwarenessWeek,,,0,0,0,This message I recorded show support BabyLossAwarenessWeek Pregnancy baby loss affect lots people,1539202274660
273,SAPTechEd,SAPCommunity,,0,0,0,Last week SAPTechEd whirlwind engagement activities SAPCommunity team points,1539202274663
274,,,,0,0,0,I THINK emergency dental hospital succiehall street open till,1539202274664
276,,,,0,0,0,joins next Listen Live Bob Donnan,1539202274659
277,BengalPride,,,0,0,0,We enjoyed popsicles meeting Boosethon goal BengalPride,1539202286664
278,,,,0,0,0,I see future inside eyes,1539202287657
279,,,,0,0,0,cheering right better kicked sexually molested Trump Moore,1539202287657
280,bestWASPsong,poll,wasp,0,0,0,bestWASPsong poll Round wasp Winner Losers,1539202275659
281,,,,0,0,0,u got ta come back life make shit x complicated,1539202275666
283,,,,0,0,0,Itzela contemplates options Northeastern Kitchen,1539202275665
284,,,,0,0,0,going Civic Si,1539202275661
286,,,,0,0,0,I leftist democrat difference Most democrats corporate,1539202275662
288,,,,0,0,0,PreK students working movement ordering teamwork sensory exploration PE They able make a,1539202275666
289,,,,0,0,0,Everyday saying check friends Yen Yen Yen Stop bullying people Yen yen yen Cuppy release a,1539202275661
290,,,,0,0,0,I STILL LISTEN TO THIS All cuts skips,1539202275665
291,,,,0,0,0,If shoe fits wear,1539202274664
292,EXO,,,0,0,0,In EXO music video KoKoBop garnered million views YouTube hours Not beat EXO s previous,1539202275659
293,,,,0,0,0,AUGH I HATE PEOPLE WHO DO NT INDENT RIGHT,1539202276659
294,,,,0,0,0,On daddy nothin else say period fuck,1539202276663
295,,,,0,0,0,BangBus Pammy Bee Regretted Ditching Hot Tits amp Ass Great treat you,1539202276666
296,,,,0,0,0,Hilarious Well maybe ya solid,1539202276662
297,,,,0,0,0,Choose words bring unity,1539202276666
298,,,,0,0,0,Just far Democratic Party fallen short years Former AG Eric Holder tells cheering crowd Michelle Oba,1539202276658
299,,,,0,0,0,Brett Kavanaugh credibly accused attempted rape sexual assault The hyenas apologized confirmed and,1539202276659
300,,,,0,0,0,They ACTUALLY making movie Twitter thread stripper pimp friend,1539202276663
301,,,,0,0,0,The kind adventures I want life,1539202276666
302,,,,0,0,0,Turn read receipts pussy ignore wit yo chest,1539202276660
303,,,,0,0,0,Women always go jugular,1539202276662
304,,,,0,0,0,They banned years Look stats years banned vs no,1539202276662
305,,,,0,0,0,Jimmy Wiggins practice today,1539202276662
306,Consequences,,,0,0,0,Consequences many messages love video get was,1539202267657
307,,,,0,0,0,FBI Files Show Valerie Jarrett s Hardcore Communist Family She amp advising Dems Obama amp Hillary MANY Years How,1539202267662
308,twentyone,actorslife,,0,0,0,Back I wee lad slugs brows twentyone actorslife,1539202267663
309,,,,0,0,0,Since stop brofisting fans things got different,1539202267658
310,,,,0,0,0,I imagine answers relevant consultat,1539202267657
311,,,,0,0,0,Juuust Wednesday Reminder,1539202267664
312,,,,0,0,0,Please turn sound Please open heart mind Please share video,1539202267663
313,,,,0,0,0,The accuracy painful beyond recognition,1539202267662
314,,,,0,0,0,Pls school stuff amp surgery fur baby made broke,1539202267666
315,,,,0,0,0,Bruh I turn tomorrow Tf childhood go,1539202267664
316,,,,0,0,0,You spelled human trafficking wrong,1539202267658
317,,,,0,0,0,This outrageous But sadly surprising,1539202267661
318,,,,0,0,0,Tomorrow National sex day thing fucking life,1539202268664
319,MohawkMovie,,,0,0,0,My fiercely angry fiercely political sophomore feature MohawkMovie Certified Fresh,1539202268659
320,TIDALXArsenal,,,0,0,0,getting ready shut London TIDALXArsenal,1539202268658
321,BackTo60,,,0,0,0,WHAT A DAY FOR THIS ANNOUNCEMENT The BackTo Judicial Review granted hearing date IMMINENT Jo head,1539202268661
322,,,,0,0,0,Her This pussy gon make retarded Me I listen,1539202268658
324,,,,0,0,0,Google Details Google Lens Improvements Pixel Phones AR Stickers Rebranded to,1539202268660
325,,,,0,0,0,Last call picking winner Friday,1539202268662
327,Iran,,,0,0,0,Mohammad Reza Haddadi sentenced death aged Iran amp breaking international law sen,1539202268659
328,,,,0,0,0,Winner Winner Pussy Dinner,1539202268661
329,,,,0,0,0,More Struggling murmur word strides numerous ravens upon dome la,1539202268665
330,,,,0,0,0,Thanks John Bloomberg excellent review Google,1539202268657
331,,,,0,0,0,Jimmy Butler breaking silence sitdown interview ESPN going air tonight ESPN,1539202268661
332,,,,0,0,0,My lil bro,1539202263662
333,,,,0,0,0,MORAL OF THE STORY Choose partner wisely Based incident I believe girl wanted leave t,1539202269659
334,,,,0,0,0,Hannity come time honest Trumpo I know asking tough question,1539202269659
335,,,,0,0,0,Yo en Twitch,1539202269663
336,,,,0,0,0,short term struggles longevity temporary pleasures,1539202269660
337,SDLive,WomensTitle,,0,0,0,Was able make rematch SDLive WomensTitle,1539202269658
338,MONSTA_X,MONSTAX,THE_CONNECT,0,0,0,MONSTAX MONSTAX WORLD TOUR lt THECONNECT gt IN JAPAN OSAKA MXNDWORL,1539202269661
339,,,,0,0,0,Dead Robot lives wait,1539202269662
340,,,,0,0,0,It hard believe Jennifer s first novel writing exceptional incredibly vivid details I ex,1539202269666
341,30years0fcontroversy,30yearsofgame,getchasome,0,0,0,Say word It s called Get YOUR box mud yearsfcontroversy yearsofgame getchasome WillieD,1539202269661
342,trenchparty,,,0,0,0,MY BLOOD trenchparty,1539202269665
343,,,,0,0,0,Bruh said feel like higher stakes game Lmaooooo,1539202269657
344,,,,0,0,0,Feel like everything falling,1539202269665
345,MayansfX,,,0,0,0,I got best dress I ready LIVE TWEET MayansfX,1539202269662
346,,,,0,0,0,Bitch said flip page,1539202269663
347,,,,0,0,0,I bet oxygen CRISP shit,1539202269660
348,,,,0,0,0,This antiMonkey oppression Once racist southern United States black people nt allowed sit in,1539202269662
350,,,,0,0,0,Every play practice statement commitment teammates Tom Herman,1539202287657
351,RugbyAM,,,0,0,0,Did enjoy tonight s show Yes LIKE No RugbyAM,1539202287660
352,,,,0,0,0,I wish happy day Bettina,1539202287666
353,,,,0,0,0,silent voice deserved much recognition since name came year people focused comp,1539202287665
354,,,,0,0,0,IF UR READY GO BACK,1539202287663
355,,,,0,0,0,Chinese Intelligence Officer Charged Economic Espionage Involving Theft Trade Secrets Leading US Aviation,1539202287658
356,,,,0,0,0,It s strange film It s good film traditional ways plot etc You defin,1539202287660
357,,,,0,0,0,I glad Jungkook still taking precautions He sounds amazing matter I love little gestures sitti,1539202287659
358,,,,0,0,0,Ladies dating man take club get guys VIP abort mission man f,1539202287660
360,TheApprentice2018,,,0,0,0,TheApprentice Northern gobshite,1539202288663
361,audit,compliance,,0,0,0,There many smart people audit compliance I love talking,1539202288659
362,,,,0,0,0,IDEA memories instead Snapchat Spotify On day years ago listened I fall apart Post Malon,1539202288662
363,,,,0,0,0,WE HAVE SOME EXCITING NEWS Tomorrow morning am playing BRAND NEW single Tune i,1539202288660
365,,,,0,0,0,guys think gay wear black nail polish eyeshadow rings etc DO YALL KNOW HOW MUCH PUSSY YALL CO,1539202288662
366,,,,0,0,0,Democracy protect us politicians make promises never intended keep After years broken p,1539202288662
367,,,,0,0,0,Stupid people nt learn mistakes,1539202288657
368,,,,0,0,0,Mustard snack Brook going live TIKTOK,1539202288661
369,,,,0,0,0,It sucks The abuse affect Just like pseudoephedrine You sign life away,1539202288660
370,,,,0,0,0,lawofattraction I like understanding things always evolving many things that,1539202288660
371,,,,0,0,0,taeyong looking neo city,1539202289663
372,,,,0,0,0,Retweet this Like this Follow Like amp Retweet Follow follow you Good Nite Sweet Dreams,1539202289660
373,wickedweather,,,0,0,0,Cat joke wickedweather Repost using repostregramapp Residents riding Hurricane Michael Me,1539202289658
374,,,,0,0,0,BREAKING DOW PLUNGES POINTS IN WORST DAY SINCE FEB AMID TECH STOCK SELLOFF RATE FEARS,1539202289660
375,,,,0,0,0,It would many,1539202289659
376,,,,0,0,0,Microsoft adds patents Open Invention Network,1539202289661
377,Michael,,,0,0,0,As Hurricane Michael nears land take shelter amp stay safe Follow weather updates phone radio In tornado WARN,1539202289663
378,,,,0,0,0,That s tv Imagine self loathing routine home private o,1539202289658
381,,,,0,0,0,Me deleting st line th time How many possible ways describe blood everywhere First line H,1539202289663
382,IPCC,SR15,,0,0,0,There single mention capitalism anywhere IPCC SR report This despite high confidence ecologic,1539202289662
383,climatebreakdown,,,0,0,0,reasons using climatebreakdown climate change It better conveys extent problem People don,1539202289665
384,PSAT,,,0,0,0,Make good choices today PSATNMSQT,1539202289662
385,,,,0,0,0,Yall nt even know hyped Getting better going SUPER tough GG PogCha,1539202289657
386,,,,0,0,0,It seems last card Britain play derivatives market EU simply facilitate rule change prev,1539202289663
387,,,,0,0,0,um hi good telling girl likes,1539202289662
388,,,,0,0,0,I date Friday,1539202289661
390,,,,0,0,0,NEW VIDEO Answering Deep Questions While High,1539202277666
392,,,,0,0,0,It s one straw s one disposable cup s one plastic bag billion people,1539202277658
394,,,,0,0,0,PROTECT HER AT ALL COSTS,1539202277659
395,,,,0,0,0,Jai ig story singing bathroom oh heart,1539202277664
396,hocoweek,,,0,0,0,meme day hocoweek,1539202277663
397,,,,0,0,0,happen every rapist ppl saying inhumane ARE U KIDDING ME RAPE IS INHUMANE,1539202277664
400,,,,0,0,0,Y propaganda end abortion nothing help prenatal care anything baby born h,1539202277666
401,,,,0,0,0,Your mind prison focus fear Tim Fargo,1539202277657
402,,,,0,0,0,A truth universally accepted lie Maybe,1539202278660
403,,,,0,0,0,Our relationship heavenly Father always uneven trades Because trade pales comparison what,1539202278658
404,,,,0,0,0,California Admits Error That Put NonCitizens Voter Rolls,1539202278665
406,,,,0,0,0,Producer I original song Jacquees,1539202278665
407,,,,0,0,0,LANY IS SO BIG AH,1539202278659
408,,,,0,0,0,I gon na buy skull trooper Lucky Subs To Win Retweet Follow Subsc,1539202278662
409,,,,0,0,0,I make fine husband someday Maybe,1539202278657
410,,,,0,0,0,well embarrassing How explain fact one links oped one fact checks,1539202278666
411,,,,0,0,0,THIBS DIDNT SAY A WORD NOT A SINGLE WORD NO ONE DID JIMMY WALKED IN THERE WENT OFF AND AS SOON AS,1539202278658
413,,,,0,0,0,Me rereading old text messages,1539202279661
414,,,,0,0,0,Note self Just pray let go,1539202279666
415,,,,0,0,0,trade jimmy b interview,1539202279657
416,lying,liars,lying,0,0,0,lying liars lying That,1539202279659
417,,,,0,0,0,True subjective though Kim energy compliments music amp ca,1539202279660
418,,,,0,0,0,Anybody else want money I ll bless,1539202279658
419,,,,0,0,0,The absolutely best part using Tammy Wynette voice I honestly believe Hillary Clinton literal e,1539202279659
420,,,,0,0,0,johnny literally mamoru chibatuxedo mask,1539202279661
421,PSAT,,,0,0,0,This America excluding wisconsin PSAT,1539202279665
422,,,,0,0,0,They lookin tweet sayin UNACCEPTABLEEEEEEEEEEE,1539202279660
423,,,,0,0,0,ever want sit outside someone talk night,1539202279662
424,thisdayinspace,,,0,0,0,Failed launch Soviet Mars M probe thisdayinspace,1539202279664
425,,,,0,0,0,I glad enjoying much It makes heart happy,1539202279658
426,PCAs,SuperJunior,TheConcertTour,0,0,0,I nt know feel PCAs SuperJunior TheConcertTour SuperShow,1539202279660
427,,,,0,0,0,Had knee surgery torn ACL July th,1539202279664
428,,,,0,0,0,saturday oh suddenly nt death wish kamikaze saturday ve never death wish s tha,1539202279664
429,,,,0,0,0,I agree way either primary build party up,1539202279663
430,,,,0,0,0,If get rejected assume ugly Looks obviously play role likely reason,1539202290665
432,,,,0,0,0,Towns Wiggins Jimmy walked Practice,1539202290657
433,,,,0,0,0,catch relationship kno im really love mf,1539202290659
434,,,,0,0,0,Sxcrew working class Lowest unemployment half century Lowest unemployment l,1539202290661
436,,,,0,0,0,still waiting duet skeef,1539202290664
437,,,,0,0,0,So guy impregnated girls told abort Lord good third gave birth triplets,1539202290661
438,ArawGabiDapithapon,,,0,0,0,Making happy relationship goal ArawGabiDapithapon,1539202290662
439,,,,0,0,0,Urban rural What preference crime fiction Hear masters genre amp debate,1539202290659
441,,,,0,0,0,Quadruplecamera Galaxy A leaks entirely Samsung website,1539202290661
442,,,,0,0,0,I wish I lived Paris,1539202290664
443,,,,0,0,0,What popularity They fans venue fancams,1539202290659
444,,,,0,0,0,favorite thing respond peoples texts hours later sitting right next saying lik,1539202290661
445,,,,0,0,0,Who gon na take Wiggins million contract shows maybe quarters every game,1539202290662
446,,,,0,0,0,Haha imagine old wait fuck,1539202291665
447,,,,0,0,0,Live From Here Chris Thile Welcome Jeff Tweedy Vulfpeck Cat Power More,1539202291662
448,,,,0,0,0,Jimmy butler practice fuckin everybody,1539202291664
449,,,,0,0,0,Ahh compassionate amp tolerant left Why s kind lowlife scum want teaching kids,1539202291659
450,,,,0,0,0,The King lies You re worse Iain Lee You d decline nothing,1539202291662
451,,,,0,0,0,I knew Tim s laugh sounded familiar,1539202291659
453,,,,0,0,0,wish animation never seen kids thing could avoided animation simply exists ha,1539202291664
454,,,,0,0,0,ever suffered depression anxiety eating disorder bipolar ocd ptsd mental,1539202291659
455,,,,0,0,0,Time Nigerians Ghanaians come together destroy common enemy,1539202291666
456,,,,0,0,0,stan Shawn Mendes follow everyone retweets gain new mutuals,1539202291664
457,,,,0,0,0,Wow really s looting India giving loans giving help ran away country wow grate BJP,1539202291657
458,,,,0,0,0,Would nice least pretend cares much job random people path hurricane as,1539202291664
459,,,,0,0,0,girls registered vote got best pussy,1539202291663
460,,,,0,0,0,Thanks warning avoid today Is early October blizzard derail thing,1539202291666
461,,,,0,0,0,Lisa Murkowski hits back Trump I know Alaska better,1539202291663
462,,,,0,0,0,Oh No worries If I get chance vote I vote I nt ca,1539202291666
463,,,,0,0,0,QQQ next serious support,1539202291665
464,,,,0,0,0,future husband daughter like im finding new husband,1539202292658
465,,,,0,0,0,Just friendly reminder mental health important physical health Just see someone s,1539202292665
466,Free,Competition,Giveaway,0,0,0,We Now Offer A FREE Engraving With All Our Watches To celebrate Enter Free Competition Giveaway Chance,1539202292664
467,,,,0,0,0,On page The Hating Game Sally Thorne hm,1539202292657
469,,,,0,0,0,You lot microwave water But us take seriously,1539202292663
470,,,,0,0,0,people followed automatically checked,1539202292657
471,,,,0,0,0,well embarrassing How explain fact one links oped one fact checks,1539202292666
472,selfieforseb,,,0,0,0,hi loser selfieforseb,1539202292661
473,,,,0,0,0,The answer dua always time,1539202293663
474,TheApprentice2018,,,0,0,0,AR comics thoughan interesting prospect TheApprentice,1539202293663
475,,,,0,0,0,mood Consequences era begun think music video,1539202293661
476,TheApprentice,,,0,0,0,Wank Man TheApprentice,1539202293666
477,,,,0,0,0,Jimmy Butler took rd stringers beat starters practice per,1539202293666
479,,,,0,0,0,said say body ever busy truly care make time,1539202293659
480,,,,0,0,0,If bit EU Ref,1539202293664
481,,,,0,0,0,Exclusive footage Jimmy Butler returning Timberwolves practice,1539202293665
482,,,,0,0,0,NEW YORK AP Stocks suffer worst loss months rising interest rates pull investors market tech stocks,1539202293657
483,,,,0,0,0,Pointing dominant capital control government includ,1539202293658
485,Latino,california,,0,0,0,HE GETS IT We met Latino california Patriot county GOP office looking something He said Gav,1539202294664
486,,,,0,0,0,BREAKING US stocks drop points led big tech companies,1539202294666
487,OnPatreon,poetrycommunity,poetry,0,0,0,NEW POEM COMING THIS WEEK Support OnPatreon poetrycommunity poetry,1539202294657
488,,,,0,0,0,Maple Grove stop today literacy tour See find four Jens picture,1539202294659
489,,,,0,0,0,worry something may never happen way expect calm sis re overthinking,1539202294665
490,,,,0,0,0,Sea surface temperature anomalies running solid C historical average date October Hotter wate,1539202294662
491,,,,0,0,0,When party gets good,1539202295662
492,,,,0,0,0,I feel time,1539202295660
494,,,,0,0,0,connect final Osaka Changkyun I cant believe today wrap nd world tour I felt many emotion t,1539202295664
495,,,,0,0,0,It It It Don stress Let,1539202295664
496,,,,0,0,0,Jimmy passing KAT practice,1539202295662
497,,,,0,0,0,Just read tweet I nt understand Republicans Used one left years ago,1539202295666
498,,,,0,0,0,My grandma cute,1539202295664
499,,,,0,0,0,Thank god Stock Market economy,1539202295659
501,,,,0,0,0,Do support POTUS Please help retweeting following voting,1539202295660
502,,,,0,0,0,Go media tell think,1539202295659
504,,,,0,0,0,amp follow chance win Funko Shop Exclusive Pop Animation TrickorSweet Bear,1539202295661
505,,,,0,0,0,And I want get good girlfriend bc vanya like either,1539202295666
506,,,,0,0,0,So I love,1539202295665
508,,,,0,0,0,Bitch I got receipts next,1539202295657
509,,,,0,0,0,hug I feel okay,1539202296658
510,,,,0,0,0,He around longer McLeish co,1539202296657
511,,,,0,0,0,God give need timing need,1539202296663
512,,,,0,0,0,This terrible time named Brett Kavanagh,1539202296663
513,sagagist,,,0,0,0,APC reacts INEC bars party fielding candidates Zamfara sagagist,1539202296666
514,,,,0,0,0,ok next one choose face palette question fave hair colour member can,1539202296663
515,,,,0,0,0,Blow gt Blew Throw gt Threw Flow gt Flew Snow gt Snew,1539202296666
516,,,,0,0,0,nt deserve dogs,1539202296666
517,PSAT,,,0,0,0,Zia mom whenever said thank PSAT,1539202296664
518,,,,0,0,0,re havin fun,1539202296664
519,,,,0,0,0,Your impression sucks like roles Your opinion means nothing,1539202296662
520,,,,0,0,0,Neither DG ISI officer Pakistan Army maintains official account social media platform The o,1539202296663
522,,,,0,0,0,Attention California voters This coming November election greatly impact life Gavin Newsom want,1539202297661
523,,,,0,0,0,My favorite part bartending getting guests step comfort zone try things say th,1539202296662
524,Riverdale,,,0,0,0,Follow shadows Riverdale new TONIGHT c The CW,1539202297658
525,,,,0,0,0,Eric Holder s new Democratic Party When go low kick,1539202297661
526,,,,0,0,0,Good Night Beautifuls Stay Strong amp Hold Hope,1539202297661
527,,,,0,0,0,She terrible awful human,1539202297659
528,,,,0,0,0,Burna boy timeeeee,1539202297657
529,,,,0,0,0,I nt mean sound dramatic please vote children die apocalyptic wasteland plagued famine med,1539202297660
530,,,,0,0,0,Sponsored Post Zildjian Drumsticks nd Drummer Elizabeth Ellen Willis We wan,1539202297663
531,,,,0,0,0,friends got cryinggggg,1539202297662
532,,,,0,0,0,I m proud,1539202297666
533,,,,0,0,0,On day Emmeline Pankhurst formed Suffragette movement Hence today rally,1539202297658
534,,,,0,0,0,Would great hear ideas tomorrow night see nursing ten,1539202297658
535,NuevaFotoDePerfil,,,0,0,0,NuevaFotoDePerfil Prince Ali Handsome Ali Ababwa,1539202297661
536,,,,0,0,0,im bout get tat hand fuck,1539202298666
537,,,,0,0,0,Very bold n hot,1539202298658
538,,,,0,0,0,This camera angle used NBA AllStar Game cray,1539202298657
539,,,,0,0,0,Do nt freak stock market loss today Stock overbought Feds looking raise rates due,1539202298659
540,,,,0,0,0,Conservatives social media buzzing level urgency passion unseen since least election Righ,1539202298663
542,,,,0,0,0,people followed automatically checked,1539202298657
543,,,,0,0,0,Are today date Because,1539202298663
544,,,,0,0,0,I pray Gemini,1539202298661
545,,,,0,0,0,lady gaga amp sarah paulson elle magazine women hollywood,1539202298664
546,,,,0,0,0,east coast amp left coast elites Wait nt Trump say Trumptards were,1539202298664
547,,,,0,0,0,Gillum socialist goon represents crazies like Milano Floridians,1539202298663
548,,,,0,0,0,Best variant ever Good epic cares og players,1539202298657
549,,,,0,0,0,I finally tried sauce recommended s hot HOT amazing,1539202299664
550,,,,0,0,0,Noting incredibly detailed accounting done reporters without benefit intel available White,1539202299664
551,TheGroup,BTS,PCAs,0,0,0,ARMY ROOM Snow LOVE YOURSELF Answer Jacket Shooting Site Jimin TheGroup BTS PCAs,1539202299663
552,,,,0,0,0,It sucks loved back ones love,1539202299663
553,,,,0,0,0,You like ballet Marjorie please I enjoy all meats cultural stew,1539202299657
554,,,,0,0,0,HI SAN MATEO COUNTY YOU CAN NOW VOTE AND IF YOURE A CONSERVATIVE homophobic misogynistic REPUBLICAN IGNORE THIS,1539202299662
555,,,,0,0,0,The st one,1539202299657
557,Iran,IranProtests,,0,0,0,Oct Tehran Iran Naser Khosro bazaar Stores strike nationwide protest continues IranProtests,1539202299657
558,,,,0,0,0,Jimmy Butler showing practice today like,1539202299666
559,,,,0,0,0,I m West Point grad amp Iraq vet w masters My dad Vietnam vet amp entrepreneur His dad mason His dad sharecropper His,1539202299663
560,,,,0,0,0,FUCK SLUTTY BUSTY MILF STEPMOM NOW FOR FREE Click amp Enjoy Fuck,1539202299666
561,,,,0,0,0,The reason BTS popular social media talented earth thus connect to,1539202300661
562,,,,0,0,0,That s Nice Good Afternoon EveryOne B amp N Staff Great Afternoon,1539202300660
563,,,,0,0,0,I arguing niggas even nigga phone always dnd block list lo,1539202300663
564,,,,0,0,0,At one point scrimmage sources said Butler turned GM Scott Layden screamed You bleeping need You ca nt w,1539202300661
566,,,,0,0,0,I getting many reports DM tweets posted timelines,1539202300657
567,,,,0,0,0,Ted Cruz Chickens Out Of Televised Debate Beto O Rourke Will Be Onstage An Hour By Himself via,1539202300660
568,,,,0,0,0,Hey little dick head Durbin want talk junk insurance plans let s talk Obamacare that,1539202300659
569,,,,0,0,0,years ago I found I cancer doctors told I might able kids Today son months,1539202300659
570,,,,0,0,0,I glad Jungkook still taking precautions He sounds amazing matter I love little gestures sitti,1539202300659
571,,,,0,0,0,people affected mental neurological disorders point lives around million curren,1539202300664
572,Revolutionary,RobertDeLong,,0,0,0,New IG story Robert Link bio watch full video Revolutionary RobertDeLong,1539202300661
573,,,,0,0,0,see myseIf security camera screen self checkout,1539202301661
574,MeToo,,,0,0,0,Melania Trump says MeToo victims need show proof sexual assault via,1539202301659
575,,,,0,0,0,In need big blessing I know got,1539202301657
576,,,,0,0,0,I never forgive Lionsgate Power Rangers movie made last year I even go minutes movie,1539202301664
577,,,,0,0,0,You hate women minorities I knew,1539202301660
578,,,,0,0,0,This fun Bakari I hosting summit young black conservatives DC month I would like to,1539202301657
579,,,,0,0,0,point drop Dow,1539202301658
580,,,,0,0,0,More seriously tweet useful reminder imagination Ireland country capable be,1539202301665
581,,,,0,0,0,Great recognition fantastic varied work done read,1539202301663
582,VivoV11,,,0,0,0,Now depending others capture travel pictures Go solo VivoV capture every precious moment,1539202301663
583,,,,0,0,0,The brewers better team,1539202301666
584,,,,0,0,0,I hiding bus duty like,1539202301661
585,,,,0,0,0,If s pringles manufactured Malaysia s halal,1539202301657
586,,,,0,0,0,Wow way mock Native genocide,1539202302659
587,RoyalWedding,,,0,0,0,There taxpayer funding Eugenie s Royal Wedding Sign petition RoyalWedding,1539202302665
588,,,,0,0,0,Melania detective That s loves evidence,1539202302660
589,,,,0,0,0,Can someone help tragic irony picture maybe slogan selfless struggle maybe the,1539202302666
590,,,,0,0,0,Yeeeah s billions pentagon dime wall,1539202302660
591,WorldMentalHealthDay,,,0,0,0,WorldMentalHealthDay Never ashamed ask help There usually someone feeling similar help coming from,1539202302663
592,,,,0,0,0,I need pho amp nap,1539202302665
593,قروب_فلسطيني,GroupPalestine,,0,0,0,GroupPalestine End Israeli Military Detention of Palestinian Children,1539202302665
594,,,,0,0,0,Join us Friday Duckworth Gym Fall Convocation,1539202302663
595,,,,0,0,0,u play yo cards right u got ta worry bout losin,1539202302658
596,,,,0,0,0,PC hypocrisy amp minority appeasement holds bounds,1539202302661
597,,,,0,0,0,Jeff Sessions trying undermine result years work Obama Justice Department Illinois Attorne,1539202302658
598,,,,0,0,0,We tried find boo FAMU,1539202302664
599,,,,0,0,0,Don forget pound bag mozzarella cheese four sticks butter jar pickles lt,1539202302665
600,,,,0,0,0,parents th anniversary today look cute love real proof,1539202302664
601,,,,0,0,0,Hurricane Michael Makes Landfall Near Mexico Beach As Cat Storm Zero Hedge,1539202302658
602,,,,0,0,0,US senators age age They live past represent Americas,1539202303657
603,Michael,,,0,0,0,Michael rd strongest storm hit Continental US measured minimum sea level pressure,1539202303665
604,,,,0,0,0,ever feel like everyone secretly hates,1539202303658
605,,,,0,0,0,It nt sufficient want ve got ask going get things want ALD,1539202303660
606,,,,0,0,0,There approximately cm snow since Wed Kenora Airport,1539202303665
607,,,,0,0,0,UFC Looks like Jon Jones vs Alexander Gustafsson,1539202303664
608,,,,0,0,0,I love much mommy thank u,1539202303658
609,,,,0,0,0,Makoto embracing inner punk Persona Dancing Starlight Today re showing cosplay inspiration Ps,1539202303657
611,,,,0,0,0,taehyung sat jungkook s legs turned around face jungkook offered hand handshake ta,1539202303661
612,,,,0,0,0,Alleluia Legislation change culture last Congratulations everyone,1539202303664
613,,,,0,0,0,Republicans intention ever running fair elections ever Supreme Court wont,1539202303662
614,InItTogether,,,0,0,0,Mental health health Let s work InItTogether keep students healthy Read joint report In It Togeth,1539202303657
615,,,,0,0,0,Thanks inviting Bank Ireland Meath informative amp open Seminar Trim evenin,1539202303665
616,ValueSelling,,,0,0,0,ValueSelling keeps simple drives results How Visit find info,1539202304661
617,,,,0,0,0,I hate smell people cooking come threw window stinks house like contain yo stank PLEASE,1539202304658
618,,,,0,0,0,Well I tried,1539202304666
619,,,,0,0,0,The road proportional representation Switzerland,1539202304657
621,TheGreatExchange,TGX2018,,0,0,0,Familiarity anointing prevents challenging TheGreatExchange TGX,1539202304660
622,,,,0,0,0,There gang Tough Trump Talkers love feign disappointment Trump vote EVERY single time,1539202304659
623,,,,0,0,0,reply red heart w blue heart k bye,1539202304666
624,,,,0,0,0,school Doggie compilation Suomi XXX Suomi XXX girl porno Nina time PornStars Videos sex,1539202304660
625,,,,0,0,0,good morning joon dancing mini koya,1539202304659
626,,,,0,0,0,My babe said secrets I told mess kill fly broke anything wrong,1539202305664
627,,,,0,0,0,I miss harry,1539202305658
628,,,,0,0,0,damn bro really senior seniors,1539202305659
629,,,,0,0,0,VOTE FOR MY SELFIES Visit Scarlet Blue profile register vote favourite selfie,1539202305663
630,,,,0,0,0,okay alls addy tf,1539202305657
631,,,,0,0,0,Too kind Colm Thank,1539202305660
632,,,,0,0,0,I m Facebook,1539202305660
633,BREAKING,,,0,0,0,BREAKING The Archdiocese HoustonGalveston Texas dioceses publish names priests credibly,1539202305657
634,,,,0,0,0,WOW Same old song dance My God became man God died cro,1539202305658
635,,,,0,0,0,New York City Just Passed GenderNeutral Birth Certificate Law,1539202305665
636,,,,0,0,0,Nah blew year lead,1539202305665
637,,,,0,0,0,Trump whines unfair fans cancel rally hurricane,1539202305666
638,,,,0,0,0,promise nobody earth would give edibles away kids free,1539202305663
639,,,,0,0,0,Polarizing filters cut glare reflection Use shoot windows water,1539202305661
640,,,,0,0,0,WOW Hillary Clinton said civility American politics Democrats control She threa,1539202305659
643,,,,0,0,0,Ralph amp Russo,1539202306663
644,typescript,,,0,0,0,AsyncAwait using TypeScript typescript course,1539202306665
645,,,,0,0,0,I miss body age petite This grown woman weight got fucked,1539202306659
646,,,,0,0,0,stranger hi well hello brain say like came way guess brain she,1539202306664
648,,,,0,0,0,WE LOVE THE NATIONS COUPLE,1539202306658
649,,,,0,0,0,This coming guy openly resisting democracy,1539202306665
651,rtgame,,,0,0,0,rtgame sissy bitch deposit com limits Limit time min Help drain bitch,1539202306657
652,,,,0,0,0,someone ur crackhead not narrator,1539202306666
653,,,,0,0,0,clears throat Just something opinion piece mean nt need hold fact check,1539202306661
655,candles,RT,Follow,0,0,0,We get enough candles gift card grabs Simply Follow,1539202306666
656,,,,0,0,0,Of course Thank much helping,1539202306659
657,,,,0,0,0,Have bubble bath,1539202306658
660,Humanitiesday,,,0,0,0,Humanitiesday Oct Join us lectures leading scholars art philosophy lit amp Free o,1539202306662
662,TOPTrenchParty,,,0,0,0,You re invited global Trench twitter listening party Tonight TOPTrenchParty,1539202307657
663,,,,0,0,0,What deserve dogs,1539202307665
664,,,,0,0,0,u sleep stuffed animals u precious bitch energy,1539202307662
665,,,,0,0,0,Chinese Intelligence Officer Charged Economic Espionage Involving Theft Trade Secrets Leading US Aviation,1539202307662
666,,,,0,0,0,Oh yess got dee right,1539202307657
667,venom,eddiebrock,,0,0,0,cant stop venom eddiebrock,1539202307663
668,,,,0,0,0,I ve heard tip I ve heard let enter I wo nt move greatest let s naked let us seeing ou,1539202307663
669,,,,0,0,0,How GOP candidate governor took away voting rights Georgians last year,1539202307661
670,,,,0,0,0,KAT amp Andrew Wiggins Breathes Jimmy Butler,1539202307663
671,,,,0,0,0,See Friday NJ,1539202307658
672,BluestarZone,,,0,0,0,Fallen Firefighter s Bride Poses For Photos On Their Wedding Day What A Heartbreaking Story BluestarZone ht,1539202307660
673,,,,0,0,0,I glad Jungkook still taking precautions He sounds amazing matter I love little gestures sitti,1539202307657
674,,,,0,0,0,trynna someone girl halloween,1539202307660
675,,,,0,0,0,Jorginho learn shooting sometimes,1539202307658
676,Marketwatch,,,0,0,0,Marketwatch Stocks taking major plunge Worst loss months tech stocks hit hardest,1539202307661
677,,,,0,0,0,Or could settle nonreserved seats I doubt s going giant crowd considering reviews,1539202307663
678,,,,0,0,0,Wednesday s weakest final min close Min Vol gt K Option Vol gt NFLX MRNS AAPL AAL,1539202307665
679,,,,0,0,0,IN SO WHAT GGUK TRIED TO GET UP TO DO THE SHOOT DANCE BUT THE PEOPLE BACKSTAGE RAN ON AND TOLD HIM TO SIT BACK DOWN THEN,1539202307666
680,worldmentalhealthday,,,0,0,0,Repost using My message worldmentalhealthday BE KIND no,1539202307662
682,,,,0,0,0,BHAHA I know I need fix armpit keep dress forever xoxo,1539202308658
683,,,,0,0,0,When craze jam craze,1539202308658
684,quote,,,0,0,0,A bird sitting tree afraid branch breaking quote,1539202308663
685,,,,0,0,0,Governments around world donated Charity known Bill Hillary amp Chelsea Clinton Foundation,1539202308664
686,,,,0,0,0,Hello SimonaMy dear friendEspecially kittyI wish beautiful Wednesday,1539202308660
687,,,,0,0,0,mate All hands deck One balls third run cost,1539202308660
689,,,,0,0,0,Girls straight want gt gt gt gt Girls allow take waste hardearned money,1539202308663
690,,,,0,0,0,you re icymi,1539202308659
691,,,,0,0,0,good luck first year conversation partners tomorrow fun enjoy slt experience remember stra,1539202308663
692,,,,0,0,0,nothing respect MY supreme,1539202308659
693,,,,0,0,0,Oh Peri authentic truthful little CLOD Thanks message important reminded authe,1539202308664
694,,,,0,0,0,dnt need shits dangerous dangerous,1539202308666
695,,,,0,0,0,Ben Blake laughing cat videos,1539202308663
696,,,,0,0,0,Hi name Br,1539202308658
697,,,,0,0,0,Damn make sure invite next time bby I treat well night,1539202309660
698,,,,0,0,0,Yet s DUP stands fight Brexit face May s betrayal They backed Brexit and,1539202309657
699,,,,0,0,0,Hey come back pls,1539202309657
700,,,,0,0,0,For ladies already bought shit remember hoe never gets cold,1539202309657
701,,,,0,0,0,In jimmy defense going practice calling everyone bitch MUCH effective way get traded no,1539202309665
702,,,,0,0,0,The International Space Station captured footage Hurricane Michael altitude miles storm approached t,1539202309661
703,img20plus,,,0,0,0,rt dm imgplus,1539202309663
704,,,,0,0,0,like Andreas Antonopoulos said He experiencing stages grief Anger moment,1539202309662
706,,,,0,0,0,The Trump government Trump really pissed lot people I met Paul The Wedge famous Newpo,1539202309658
707,,,,0,0,0,A nonprofit Berlin tech startup offered buy remaining hectares ancient German forest save bei,1539202309657
708,SaintsupFanmeetEncore,,,0,0,0,SaintsupFanmeetEncore CLEARANCE SALE FANMEET TICKET soon,1539202309663
709,,,,0,0,0,someone go get pho tonight,1539202309661
710,,,,0,0,0,I knew car I drew kindergarten real,1539202309657
711,,,,0,0,0,If could take anyone world dinner would com neymar obvio,1539202309660
712,,,,0,0,0,turn watching partner masturbate person FT turn sexual mediocrity sure,1539202309665
713,TreCru,,,0,0,0,Found Transponder Snail Lucy Vs Don Chin Jao Who ll victorious Block C TreCru,1539202309663
714,,,,0,0,0,Los Angeles Clippers Passed On Superstars In NBA Draft History,1539202310657
715,,,,0,0,0,GDPR compliance represent quantifiable benefit make firms stand competition identifying,1539202310660
716,LeaguePass,,,0,0,0,wiggins canadian KATs lady LeaguePass course arent equipped handle,1539202310659
717,,,,0,0,0,This video blow mind,1539202310663
718,Gus,,,0,0,0,Seems like Gus gumming works Global launch pipeline Recruits,1539202310663
719,,,,0,0,0,loves dog would without dog sister impartial probably without dog,1539202310664
720,,,,0,0,0,But people actually see,1539202310666
721,,,,0,0,0,I disagree many positions s okay haha I wan na say re gon na need good,1539202310663
722,,,,0,0,0,A white woman followed harassed black brother babysitting two white children called police THIS I,1539202310658
724,,,,0,0,0,I knew car I drew kindergarten real,1539202310657
725,,,,0,0,0,god damn good tweet,1539202311661
726,,,,0,0,0,British American Therefore Nigerian So therefore British Ten Pounds American Ten Dollars Nigerian T,1539202311661
727,,,,0,0,0,New study Illegal immigration cost US taxpayers billion last year Illegal immigration destabi,1539202311657
728,,,,0,0,0,Follow insta I know use twitter lol,1539202311662
729,,,,0,0,0,My lil niggas Low niggas grew bro,1539202311663
730,,,,0,0,0,legit cried I got offer someone grew playing stringed instrument always dreamed perform,1539202311658
731,,,,0,0,0,attempting sort worldbuilding,1539202311664
732,,,,0,0,0,I guess feeling team Lebron know,1539202311663
733,TRON,TRX,,0,0,0,Thanks support TRON TRX TRX,1539202311661
735,,,,0,0,0,tell adults think disrespectful let disrespect,1539202311658
736,STARS,,,0,0,0,STARS Music video Vibe away,1539202311666
737,,,,0,0,0,This girl womb said We meant togetherAlways This every mom s worst ni,1539202311663
738,,,,0,0,0,big L general,1539202311658
742,,,,0,0,0,You Not My Type Says Man Whose Dream Fuck Cartoon,1539202312666
743,,,,0,0,0,Well duh There ways achieve political goals arguments unable pursued i,1539202312660
745,,,,0,0,0,Beautiful morning national Walk School Day Thanks hosting nice morning Mr Carofano Ms Tobin,1539202312664
746,,,,0,0,0,Stardate Star Lawyers Origins Book live Still grab copy You discover humans first,1539202312662
747,,,,0,0,0,Yes people faith sacked jobs booted schools refused service bakeries of,1539202312666
748,,,,0,0,0,T To wished sent greetings kept along all,1539202312661
749,mtpol,,,0,0,0,The first rule politics show mtpol,1539202312657
750,,,,0,0,0,Progressive multiple sclerosis,1539202312659
751,,,,0,0,0,This jersey lowkey,1539202312666
752,,,,0,0,0,How many Leave voters UK think aware Mrs May currently heavily process stiching lik,1539202312664
753,BTSinLondon,,,0,0,0,They brough Jungkook secondary stage s good must happy BTSinLondon,1539202313658
754,,,,0,0,0,I like trump,1539202313657
755,,,,0,0,0,Last minute I know two match tickets train travel available Wales v Spain game Millennium tomo,1539202313661
756,,,,0,0,0,IKR SHE IS,1539202313660
757,,,,0,0,0,Working seeing growth gt,1539202313659
758,eventprofs,,,0,0,0,Shortly getting zipline new Bear Grylls Adventure eventprofs,1539202313665
760,,,,0,0,0,Transaction Type Payment Amount XRP Fee drops XRP Sender Bitstamp Sender Balance,1539202313657
761,,,,0,0,0,Hi name Br,1539202313658
762,,,,0,0,0,Did even read comics,1539202313657
763,,,,0,0,0,How Zara Phillips Sports Personality Of The Year Jet never remains one life s greatest mysteries,1539202313666
764,,,,0,0,0,Womens MAMA BEAR TSHI KnM via,1539202313663
765,,,,0,0,0,Y hell app man,1539202313663
766,,,,0,0,0,I think important declassify much possible ASAP American people deserve see d,1539202313663
767,,,,0,0,0,Camila never huge red carpets She typically shows award shows perf,1539202313657
768,,,,0,0,0,You supported voted celebrity presidency That know much PERIOD htt,1539202313658
769,,,,0,0,0,Well I glad person grown accept things I know people born,1539202313660
770,,,,0,0,0,people followed automatically checked,1539202313666
771,newblack,blackruby,,0,0,0,Ruby Rd M New Blue Sheer Metallic Black Studded Neckline Sleeve Tunic Top Going Quick newblack blackruby,1539202313662
772,,,,0,0,0,Georgia Secretary State Brian Kemp R office blocking people registering vote according records ob,1539202314666
773,,,,0,0,0,Hillary Clinton You civil Republicans Democrats need tougher via,1539202314666
774,,,,0,0,0,We d love could send Dm amp follow way,1539202314665
775,,,,0,0,0,I know FILA AND FELA one FEILA Long live Aba brothers,1539202314665
776,,,,0,0,0,armys see post please nt ignore retweet please continue voting every vote matters simple retwee,1539202314659
778,,,,0,0,0,Today shit show,1539202314665
779,,,,0,0,0,Hey everyone portillos maple grove strawberry shortcake bullshit,1539202315659
780,,,,0,0,0,long thanks fish,1539202315659
781,,,,0,0,0,fuck nudes send reason live,1539202315661
782,HurricaneMichael,,,0,0,0,Thinking everyone affected powerful HurricaneMichael right Florida Alabama amp Georgia,1539202315657
783,,,,0,0,0,Imagine Urban Outfitters Forever prices sigh,1539202315661
784,TheApprentice2018,,,0,0,0,Poorly done Augmented Reality Alan TheApprentice,1539202315665
787,Mexico,Florida,,0,0,0,A whole house ripped apart Mexico Beach Florida Here video parts home washing properties,1539202315658
788,,,,0,0,0,I let anyone even orcs break Lewd Opendms No limits Dom Sub Kinks,1539202315660
789,,,,0,0,0,Cancel stupid Pennsylvania mob scene rally least pretend care people affected,1539202315660
790,,,,0,0,0,Seals dogs sea,1539202315666
791,,,,0,0,0,youre disappointment lt,1539202315662
792,,,,0,0,0,Bruh taco trucks drive around neighborhood like ice creams trucks,1539202315659
794,,,,0,0,0,EVERYTHING S GON NA BE ALRIGHT DAVID LEE MURPHY amp KENNY CHESNEY playing mins US,1539202315659
797,,,,0,0,0,You drive Lagos week without pressing horn losing home training,1539202315659
798,,,,0,0,0,Just give Senate different representation formula,1539202315661
801,,,,0,0,0,Jimmy Butler practice today,1539202316664
802,,,,0,0,0,Let s build community By helping grow Twitter accounts others sleeping Like retweet P,1539202316663
803,,,,0,0,0,Paris u amazing thanks screaming every word loud love u,1539202316659
804,,,,0,0,0,Happy Birthday legend boy taught us never give dreams Naruto Uzumaki,1539202316660
805,,,,0,0,0,The people say Trump racist sure lot racist stuff say Kanye West supports Trum,1539202316664
806,TwitterTakeover,OrdinaryDay,OneShot,0,0,0,TwitterTakeover OrdinaryDay coming back OneShot steps,1539202316658
807,,,,0,0,0,dont need imagine,1539202316666
808,,,,0,0,0,Since MSM amp leftists rarely mention R heroes blue shot performance duties SC days ago they,1539202317664
809,BTSLoveYourselfTour,O2,BTS,0,0,0,BTSLoveYourselfTour In London At O O BTS btsinlondon,1539202317657
810,,,,0,0,0,am Tue Nov The Facility LONDON Prison Role Play Day I captivate mak,1539202317664
811,,,,0,0,0,You went hard asf video bars bars edits edits hard asf,1539202317661
812,Cyberbullying,,,0,0,0,Cyberbullying affects people age walk life including children teens adults feel distress,1539202317664
813,,,,0,0,0,For Next time think Drinking Driving cool,1539202317657
814,,,,0,0,0,Just normal day,1539202317661
815,,,,0,0,0,I posted photo originally earlier today archive copies Green Un,1539202317665
817,,,,0,0,0,Just Pinned Paintings Leanne Dolan Erotic Nude OIL amp ACRYLIC CANVAS Painting ORIGINAL Art By L Dolan x April,1539202317660
819,,,,0,0,0,Sorry I active today though I exhausted I need sleep I love mostly mika,1539202317661
820,,,,0,0,0,mental health may invisible real nt struggle silence make sure reach ones,1539202318657
821,,,,0,0,0,This important nomination please vote yall know comes voting ARMY outsold better Legen,1539202318658
822,,,,0,0,0,When someone helps struggling help thats love,1539202318657
824,,,,0,0,0,Maybe I hopeless romantic every October I fantasize married waking brutally hungover Sun,1539202318658
825,,,,0,0,0,FUNNEL CLOUDS SPOTTED Weak funnel clouds spotted Clay County A TORNADO WARNING issued Duval Clay,1539202318661
826,rva,rvajobs,,0,0,0,seeking talented individuals opportunities areas surrounding Richmond Virginia rva rvajobs cp,1539202318664
827,,,,0,0,0,october pregnancy amp infant loss awareness month want reiterate important mindful yo,1539202318663
828,,,,0,0,0,yea I fighting,1539202318663
829,,,,0,0,0,The honeymoon phase relationships overrated You need experience hard times together need ups down,1539202318657
830,,,,0,0,0,Didn play blops early ya Daleks picture says differently could answered questi,1539202318659
831,,,,0,0,0,You nt say,1539202318666
832,,,,0,0,0,At one point scrimmage sources said Butler turned GM Scott Layden screamed You bleeping need You ca nt w,1539202318665
833,,,,0,0,0,Today marks th anniversary Arizona s Constitutional Convention In George WP Hunt designate,1539202318658
834,,,,0,0,0,abducted adopted abducted adopted abducted adopted,1539202318660
835,,,,0,0,0,yall really saying spooky like giving personality,1539202318661
836,destiny2thegame,xboxlive,dj3017ver2,0,0,0,Clearing path get friend side destinythegame xboxlive djver femalehunter,1539202318657
840,,,,0,0,0,YEAH YOU IM YELLING BECAUSE GIRL YOU NEED TO KNOW YOUR WOH YOU ARE BEAUTIFUL REMEMBER THAT STOP THINKING NEGATIVE ABOUT,1539202319662
841,,,,0,0,0,I feel like twerking someone son,1539202319659
842,,,,0,0,0,Menat Street Fighter V,1539202319658
843,,,,0,0,0,My bf I went school know One night hit Instagram December l,1539202319661
844,,,,0,0,0,disregard resources wasted re always right bowl full resources sitting th,1539202319659
845,,,,0,0,0,If feeling uncomfortable like fish water changing keep going Being comfortable t,1539202319657
846,,,,0,0,0,Watch Republican Duane Quam follow Democrat,1539202319666
847,Happy76thBirthdayABSir,,,0,0,0,You National Treasure sir The best actor film industry Hope make films till age HappythBirthdayABSir,1539202319657
848,,,,0,0,0,BREAKING Georgians voter registrations nearly AfricanAmerican held,1539202319661
849,,,,0,0,0,viruses computer opening movies,1539202319657
850,BTSWorldTour,BTSxLondon,,0,0,0,baby looks much happier tonight BTSWorldTour BTSxLondon,1539202319659
851,,,,0,0,0,Our latest film Unspoken Expression featuring officially live Learn film going behi,1539202319662
852,,,,0,0,0,The Mangs met cute ducks,1539202319666
853,,,,0,0,0,This brilliant parody song proves s anything scary time men,1539202319659
855,,,,0,0,0,Sunglasses Make cool,1539202319659
856,JusticeKavanaugh,,,0,0,0,Still celebrating JusticeKavanaugh Congratulations Mr President amp America,1539202319665
857,goknights,,,0,0,0,Jersey pride goknights,1539202319661
